[
    {
        "key": "group_5e4b8f5f02066",
        "title": "Flexible",
        "fields": [
            {
                "key": "field_5e4b8f67fcef3",
                "label": "Page Blocks",
                "name": "page_blocks",
                "type": "flexible_content",
                "instructions": "",
                "required": 0,
                "conditional_logic": 0,
                "wrapper": {
                    "width": "",
                    "class": "",
                    "id": ""
                },
                "layouts": {
                    "5e4b8f7794b2a": {
                        "key": "5e4b8f7794b2a",
                        "name": "cta_banner",
                        "label": "CTA Banner",
                        "display": "block",
                        "sub_fields": [
                            {
                                "key": "field_5e4b8f82fcef4",
                                "label": "Background Image",
                                "name": "background_image",
                                "type": "image",
                                "instructions": "",
                                "required": 0,
                                "conditional_logic": 0,
                                "wrapper": {
                                    "width": "",
                                    "class": "",
                                    "id": ""
                                },
                                "return_format": "array",
                                "preview_size": "thumbnail",
                                "library": "all",
                                "min_width": "",
                                "min_height": "",
                                "min_size": "",
                                "max_width": "",
                                "max_height": "",
                                "max_size": "",
                                "mime_types": ""
                            },
                            {
                                "key": "field_5e4b8f8afcef5",
                                "label": "CTA Title",
                                "name": "cta_title",
                                "type": "text",
                                "instructions": "",
                                "required": 0,
                                "conditional_logic": 0,
                                "wrapper": {
                                    "width": "",
                                    "class": "",
                                    "id": ""
                                },
                                "default_value": "",
                                "placeholder": "",
                                "prepend": "",
                                "append": "",
                                "maxlength": ""
                            }
                        ],
                        "min": "",
                        "max": ""
                    }
                },
                "button_label": "Add Row",
                "min": "",
                "max": ""
            }
        ],
        "location": [
            [
                {
                    "param": "page_template",
                    "operator": "==",
                    "value": "default"
                }
            ]
        ],
        "menu_order": 0,
        "position": "normal",
        "style": "default",
        "label_placement": "top",
        "instruction_placement": "label",
        "hide_on_screen": "",
        "active": true,
        "description": ""
    },
    {
        "key": "group_59cf3c5984c74",
        "title": "Theme Options",
        "fields": [
            {
                "key": "field_5f771ef237780",
                "label": "Under Maintenance",
                "name": "",
                "type": "tab",
                "instructions": "",
                "required": 0,
                "conditional_logic": 0,
                "wrapper": {
                    "width": "",
                    "class": "",
                    "id": ""
                },
                "placement": "left",
                "endpoint": 0
            },
            {
                "key": "field_5f771f2d37782",
                "label": "Website Under Maintenance",
                "name": "website_under_maintenance",
                "type": "true_false",
                "instructions": "",
                "required": 0,
                "conditional_logic": 0,
                "wrapper": {
                    "width": "",
                    "class": "",
                    "id": ""
                },
                "message": "",
                "default_value": 0,
                "ui": 1,
                "ui_on_text": "Maintinance Mode",
                "ui_off_text": "Live Mode"
            },
            {
                "key": "field_5f771f0737781",
                "label": "Background Image",
                "name": "um_background_image",
                "type": "image",
                "instructions": "Recommended image size should be <b>1920px X 850px<\/b>.<br> Please upload the optimized image, should be in KBs.",
                "required": 0,
                "conditional_logic": [
                    [
                        {
                            "field": "field_5f771f2d37782",
                            "operator": "==",
                            "value": "1"
                        }
                    ]
                ],
                "wrapper": {
                    "width": "50",
                    "class": "",
                    "id": ""
                },
                "return_format": "url",
                "preview_size": "medium",
                "library": "all",
                "min_width": "",
                "min_height": "",
                "min_size": "",
                "max_width": "",
                "max_height": "",
                "max_size": "",
                "mime_types": ""
            },
            {
                "key": "field_5f771f6a37783",
                "label": "Logo",
                "name": "um_logo",
                "type": "image",
                "instructions": "Recommended image size should be <b>250px X 80px<\/b>.<br> Please upload the optimized image, should be in KBs.",
                "required": 0,
                "conditional_logic": [
                    [
                        {
                            "field": "field_5f771f2d37782",
                            "operator": "==",
                            "value": "1"
                        }
                    ]
                ],
                "wrapper": {
                    "width": "50",
                    "class": "",
                    "id": ""
                },
                "return_format": "url",
                "preview_size": "medium",
                "library": "all",
                "min_width": "",
                "min_height": "",
                "min_size": "",
                "max_width": "",
                "max_height": "",
                "max_size": "",
                "mime_types": ""
            },
            {
                "key": "field_5f771f8b37784",
                "label": "Heading Text",
                "name": "um_heading_text",
                "type": "text",
                "instructions": "",
                "required": 0,
                "conditional_logic": [
                    [
                        {
                            "field": "field_5f771f2d37782",
                            "operator": "==",
                            "value": "1"
                        }
                    ]
                ],
                "wrapper": {
                    "width": "",
                    "class": "",
                    "id": ""
                },
                "default_value": "underconstruction",
                "placeholder": "",
                "prepend": "",
                "append": "",
                "maxlength": ""
            },
            {
                "key": "field_5f771fa137785",
                "label": "Timer",
                "name": "um_timer",
                "type": "true_false",
                "instructions": "",
                "required": 0,
                "conditional_logic": [
                    [
                        {
                            "field": "field_5f771f2d37782",
                            "operator": "==",
                            "value": "1"
                        }
                    ]
                ],
                "wrapper": {
                    "width": "",
                    "class": "",
                    "id": ""
                },
                "message": "",
                "default_value": 0,
                "ui": 1,
                "ui_on_text": "Enable",
                "ui_off_text": "Disable"
            },
            {
                "key": "field_5f771fde37786",
                "label": "Time",
                "name": "um_timeing",
                "type": "date_time_picker",
                "instructions": "",
                "required": 0,
                "conditional_logic": [
                    [
                        {
                            "field": "field_5f771f2d37782",
                            "operator": "==",
                            "value": "1"
                        },
                        {
                            "field": "field_5f771fa137785",
                            "operator": "==",
                            "value": "1"
                        }
                    ]
                ],
                "wrapper": {
                    "width": "",
                    "class": "",
                    "id": ""
                },
                "display_format": "M d, Y H:i:s",
                "return_format": "M d, Y H:i:s",
                "first_day": 1
            },
            {
                "key": "field_5f77201937788",
                "label": "Comming Soon Text",
                "name": "um_comming_soon_text",
                "type": "text",
                "instructions": "",
                "required": 0,
                "conditional_logic": [
                    [
                        {
                            "field": "field_5f771f2d37782",
                            "operator": "==",
                            "value": "1"
                        }
                    ]
                ],
                "wrapper": {
                    "width": "",
                    "class": "",
                    "id": ""
                },
                "default_value": "We are Comming Soon",
                "placeholder": "",
                "prepend": "",
                "append": "",
                "maxlength": ""
            },
            {
                "key": "field_5f77204637789",
                "label": "Under Maintenance Text",
                "name": "um_under_maintenance_text",
                "type": "wysiwyg",
                "instructions": "",
                "required": 0,
                "conditional_logic": [
                    [
                        {
                            "field": "field_5f771f2d37782",
                            "operator": "==",
                            "value": "1"
                        }
                    ]
                ],
                "wrapper": {
                    "width": "",
                    "class": "",
                    "id": ""
                },
                "default_value": "<h3>Website is Under Maintenance<\/h3>\r\nSorry, we are making some changes on our site. Check back soon!\r\n\r\nWe are currently Creating Something Awesome.",
                "tabs": "all",
                "toolbar": "full",
                "media_upload": 1,
                "delay": 0
            },
            {
                "key": "field_59cf3c633db0a",
                "label": "Admin Login Panel",
                "name": "",
                "type": "tab",
                "instructions": "",
                "required": 0,
                "conditional_logic": 0,
                "wrapper": {
                    "width": "",
                    "class": "",
                    "id": ""
                },
                "placement": "left",
                "endpoint": 0
            },
            {
                "key": "field_59cf3d268bdea",
                "label": "Logo",
                "name": "admin_logo",
                "type": "image",
                "instructions": "",
                "required": 0,
                "conditional_logic": 0,
                "wrapper": {
                    "width": "",
                    "class": "",
                    "id": ""
                },
                "return_format": "url",
                "preview_size": "thumbnail",
                "library": "all",
                "min_width": "",
                "min_height": "",
                "min_size": "",
                "max_width": "",
                "max_height": "",
                "max_size": "",
                "mime_types": ""
            },
            {
                "key": "field_59cf52b194eb9",
                "label": "Logo Width",
                "name": "admin_logo_width",
                "type": "text",
                "instructions": "Size would consider in px, but not include PX. Write only the size.",
                "required": 0,
                "conditional_logic": 0,
                "wrapper": {
                    "width": "50",
                    "class": "",
                    "id": ""
                },
                "default_value": 250,
                "placeholder": 250,
                "prepend": "",
                "append": "",
                "maxlength": ""
            },
            {
                "key": "field_59cf3d588bdec",
                "label": "Logo Height",
                "name": "admin_logo_height",
                "type": "text",
                "instructions": "Size would consider in px, but not include PX. Write only the size.",
                "required": 0,
                "conditional_logic": 0,
                "wrapper": {
                    "width": "50",
                    "class": "",
                    "id": ""
                },
                "default_value": 250,
                "placeholder": 250,
                "prepend": "",
                "append": "",
                "maxlength": ""
            },
            {
                "key": "field_59cf3d318bdeb",
                "label": "Background Color",
                "name": "admin_background_color",
                "type": "text",
                "instructions": "Color Should be in Hex color Formate i.e. #ffffff.",
                "required": 0,
                "conditional_logic": 0,
                "wrapper": {
                    "width": "50",
                    "class": "",
                    "id": ""
                },
                "default_value": "",
                "placeholder": "#ffffff",
                "prepend": "",
                "append": "",
                "maxlength": ""
            },
            {
                "key": "field_59cf56daa121a",
                "label": "Label Color",
                "name": "admin_label_color",
                "type": "text",
                "instructions": "Color Should be in Hex color Formate i.e. #ffffff.",
                "required": 0,
                "conditional_logic": 0,
                "wrapper": {
                    "width": "50",
                    "class": "",
                    "id": ""
                },
                "default_value": "",
                "placeholder": "#ffffff",
                "prepend": "",
                "append": "",
                "maxlength": ""
            },
            {
                "key": "field_59cf5619bdfea",
                "label": "Login Button Color",
                "name": "admin_login_button_color",
                "type": "text",
                "instructions": "Color Should be in Hex color Formate i.e. #ffffff.",
                "required": 0,
                "conditional_logic": 0,
                "wrapper": {
                    "width": "50",
                    "class": "",
                    "id": ""
                },
                "default_value": "",
                "placeholder": "#ffffff",
                "prepend": "",
                "append": "",
                "maxlength": ""
            },
            {
                "key": "field_59cf573e9becb",
                "label": "Button Style",
                "name": "admin_button_style",
                "type": "radio",
                "instructions": "",
                "required": 0,
                "conditional_logic": 0,
                "wrapper": {
                    "width": "50",
                    "class": "",
                    "id": ""
                },
                "choices": {
                    "round": "Round Button",
                    "regular": "Regular Button"
                },
                "allow_null": 0,
                "other_choice": 0,
                "save_other_choice": 0,
                "default_value": "regular",
                "layout": "horizontal",
                "return_format": "value"
            },
            {
                "key": "field_5e4a2b3cb1e6a",
                "label": "Global Options",
                "name": "",
                "type": "tab",
                "instructions": "",
                "required": 0,
                "conditional_logic": 0,
                "wrapper": {
                    "width": "",
                    "class": "",
                    "id": ""
                },
                "placement": "top",
                "endpoint": 0
            },
            {
                "key": "field_5e4a2b6a0c336",
                "label": "Google Map API",
                "name": "google_map_api",
                "type": "text",
                "instructions": "",
                "required": 0,
                "conditional_logic": 0,
                "wrapper": {
                    "width": "",
                    "class": "",
                    "id": ""
                },
                "default_value": "",
                "placeholder": "",
                "prepend": "",
                "append": "",
                "maxlength": ""
            },
            {
                "key": "field_5f771717e098e",
                "label": "Bugheard Script",
                "name": "bugheard_script",
                "type": "text",
                "instructions": "",
                "required": 0,
                "conditional_logic": 0,
                "wrapper": {
                    "width": "",
                    "class": "",
                    "id": ""
                },
                "default_value": "",
                "placeholder": "",
                "prepend": "",
                "append": "",
                "maxlength": ""
            },
            {
                "key": "field_5e4a348d347ca",
                "label": "Google Analytics Code",
                "name": "google_analytics_code",
                "type": "textarea",
                "instructions": "write full code with <script> tags",
                "required": 0,
                "conditional_logic": 0,
                "wrapper": {
                    "width": "50",
                    "class": "",
                    "id": ""
                },
                "default_value": "",
                "placeholder": "",
                "maxlength": "",
                "rows": "",
                "new_lines": ""
            },
            {
                "key": "field_5e4a361378402",
                "label": "Google Tag Manager Code",
                "name": "body_analytics_code_gtm",
                "type": "textarea",
                "instructions": "write full code with <script> tags",
                "required": 0,
                "conditional_logic": 0,
                "wrapper": {
                    "width": "50",
                    "class": "",
                    "id": ""
                },
                "default_value": "",
                "placeholder": "",
                "maxlength": "",
                "rows": "",
                "new_lines": ""
            },
            {
                "key": "field_59cf3ca13db0c",
                "label": "Header",
                "name": "",
                "type": "tab",
                "instructions": "",
                "required": 0,
                "conditional_logic": 0,
                "wrapper": {
                    "width": "",
                    "class": "",
                    "id": ""
                },
                "placement": "left",
                "endpoint": 0
            },
            {
                "key": "field_59cf3d8b8bded",
                "label": "Main Logo",
                "name": "main_logo",
                "type": "image",
                "instructions": "",
                "required": 0,
                "conditional_logic": 0,
                "wrapper": {
                    "width": "",
                    "class": "",
                    "id": ""
                },
                "return_format": "url",
                "preview_size": "thumbnail",
                "library": "all",
                "min_width": "",
                "min_height": "",
                "min_size": "",
                "max_width": "",
                "max_height": "",
                "max_size": "",
                "mime_types": ""
            },
            {
                "key": "field_59cf7e7cc414b",
                "label": "Sticky Header",
                "name": "sticky_header",
                "type": "true_false",
                "instructions": "",
                "required": 0,
                "conditional_logic": 0,
                "wrapper": {
                    "width": "50",
                    "class": "",
                    "id": ""
                },
                "message": "",
                "default_value": 0,
                "ui": 1,
                "ui_on_text": "Enable",
                "ui_off_text": "Disable"
            },
            {
                "key": "field_5e4a2d753a75d",
                "label": "Sticky Logo",
                "name": "sticky_logo",
                "type": "image",
                "instructions": "",
                "required": 0,
                "conditional_logic": [
                    [
                        {
                            "field": "field_59cf7e7cc414b",
                            "operator": "==",
                            "value": "1"
                        }
                    ]
                ],
                "wrapper": {
                    "width": "50",
                    "class": "",
                    "id": ""
                },
                "return_format": "url",
                "preview_size": "thumbnail",
                "library": "all",
                "min_width": "",
                "min_height": "",
                "min_size": "",
                "max_width": "",
                "max_height": "",
                "max_size": "",
                "mime_types": ""
            },
            {
                "key": "field_59cf7e99c414c",
                "label": "Scroll to Top Link",
                "name": "scroll_to_top_link",
                "type": "true_false",
                "instructions": "",
                "required": 0,
                "conditional_logic": 0,
                "wrapper": {
                    "width": "",
                    "class": "",
                    "id": ""
                },
                "message": "",
                "default_value": 0,
                "ui": 1,
                "ui_on_text": "Enable",
                "ui_off_text": "Disable"
            },
            {
                "key": "field_5f7726453f49e",
                "label": "Site Loader",
                "name": "site_loader",
                "type": "true_false",
                "instructions": "",
                "required": 0,
                "conditional_logic": 0,
                "wrapper": {
                    "width": "50",
                    "class": "",
                    "id": ""
                },
                "message": "",
                "default_value": 0,
                "ui": 1,
                "ui_on_text": "Show",
                "ui_off_text": "Hide"
            },
            {
                "key": "field_5f77265a3f49f",
                "label": "Site Loading Image",
                "name": "site_loading_image",
                "type": "image",
                "instructions": "Recommended image size should be <b>100px X 100px<\/b>.<br> Please upload the optimized image, should be in KBs.",
                "required": 0,
                "conditional_logic": [
                    [
                        {
                            "field": "field_5f7726453f49e",
                            "operator": "==",
                            "value": "1"
                        }
                    ]
                ],
                "wrapper": {
                    "width": "50",
                    "class": "",
                    "id": ""
                },
                "return_format": "url",
                "preview_size": "medium",
                "library": "all",
                "min_width": "",
                "min_height": "",
                "min_size": "",
                "max_width": "",
                "max_height": "",
                "max_size": "",
                "mime_types": ""
            },
            {
                "key": "field_59cf3cb03db0d",
                "label": "Footer",
                "name": "",
                "type": "tab",
                "instructions": "",
                "required": 0,
                "conditional_logic": 0,
                "wrapper": {
                    "width": "",
                    "class": "",
                    "id": ""
                },
                "placement": "left",
                "endpoint": 0
            },
            {
                "key": "field_5e4b88e7fc78d",
                "label": "Footer Logo",
                "name": "footer_logo",
                "type": "image",
                "instructions": "",
                "required": 0,
                "conditional_logic": 0,
                "wrapper": {
                    "width": "35",
                    "class": "",
                    "id": ""
                },
                "return_format": "url",
                "preview_size": "thumbnail",
                "library": "all",
                "min_width": "",
                "min_height": "",
                "min_size": "",
                "max_width": "",
                "max_height": "",
                "max_size": "",
                "mime_types": ""
            },
            {
                "key": "field_59cf3e048bdf0",
                "label": "Copyright Text",
                "name": "copyright_text",
                "type": "text",
                "instructions": "[cyear] : This shortcode use to print Year autometically.",
                "required": 0,
                "conditional_logic": 0,
                "wrapper": {
                    "width": "65",
                    "class": "",
                    "id": ""
                },
                "default_value": "",
                "placeholder": "",
                "prepend": "",
                "append": "",
                "maxlength": ""
            },
            {
                "key": "field_5e4b87939e4d5",
                "label": "Social",
                "name": "",
                "type": "tab",
                "instructions": "",
                "required": 0,
                "conditional_logic": 0,
                "wrapper": {
                    "width": "",
                    "class": "",
                    "id": ""
                },
                "placement": "top",
                "endpoint": 0
            },
            {
                "key": "field_5e4b8812ec467",
                "label": "Social Links",
                "name": "social_links",
                "type": "repeater",
                "instructions": "[sociallinks] : This shortcode can be used through out the site.",
                "required": 0,
                "conditional_logic": 0,
                "wrapper": {
                    "width": "",
                    "class": "",
                    "id": ""
                },
                "collapsed": "",
                "min": 0,
                "max": 0,
                "layout": "table",
                "button_label": "Add Social Icon",
                "sub_fields": [
                    {
                        "key": "field_5e4b8820ec468",
                        "label": "Social Media Title",
                        "name": "social_media_title",
                        "type": "text",
                        "instructions": "",
                        "required": 0,
                        "conditional_logic": 0,
                        "wrapper": {
                            "width": "20",
                            "class": "",
                            "id": ""
                        },
                        "default_value": "",
                        "placeholder": "",
                        "prepend": "",
                        "append": "",
                        "maxlength": ""
                    },
                    {
                        "key": "field_5e4b887161af1",
                        "label": "Icon Class",
                        "name": "icon_class",
                        "type": "font-awesome",
                        "instructions": "",
                        "required": 0,
                        "conditional_logic": 0,
                        "wrapper": {
                            "width": "30",
                            "class": "",
                            "id": ""
                        },
                        "icon_sets": [
                            "custom"
                        ],
                        "custom_icon_set": "",
                        "default_label": "",
                        "default_value": "",
                        "save_format": "class",
                        "allow_null": 0,
                        "show_preview": 1,
                        "enqueue_fa": 0,
                        "fa_live_preview": "",
                        "choices": []
                    },
                    {
                        "key": "field_5e4b889161af2",
                        "label": "Social Media Link",
                        "name": "social_media_link",
                        "type": "url",
                        "instructions": "",
                        "required": 1,
                        "conditional_logic": 0,
                        "wrapper": {
                            "width": "50",
                            "class": "",
                            "id": ""
                        },
                        "default_value": "",
                        "placeholder": ""
                    }
                ]
            }
        ],
        "location": [
            [
                {
                    "param": "options_page",
                    "operator": "==",
                    "value": "theme-option-settings"
                }
            ]
        ],
        "menu_order": 0,
        "position": "normal",
        "style": "default",
        "label_placement": "top",
        "instruction_placement": "field",
        "hide_on_screen": "",
        "active": true,
        "description": ""
    }
]